<?xml version ="1.0" encoding ="utf-8"?><!--  Learn More about how to use App Actions: https://developer.android.com/guide/actions/index.html -->
<resources>
    <string-array name="year">
        <item>-년도-</item>
        <item>1950</item>
        <item>1951</item>
        <item>1952</item>
        <item>1953</item>
        <item>1954</item>
        <item>1955</item>
        <item>1956</item>
        <item>1957</item>
        <item>1958</item>
        <item>1959</item>
        <item>1960</item>
        <item>1961</item>
        <item>1962</item>
        <item>1963</item>
        <item>1964</item>
        <item>1965</item>
        <item>1966</item>
        <item>1967</item>
        <item>1968</item>
        <item>1969</item>
        <item>1970</item>
        <item>1971</item>
        <item>1972</item>
        <item>1973</item>
        <item>1974</item>
        <item>1975</item>
        <item>1976</item>
        <item>1977</item>
        <item>1978</item>
        <item>1979</item>
        <item>1980</item>
        <item>1981</item>
        <item>1982</item>
        <item>1983</item>
        <item>1984</item>
        <item>1985</item>
        <item>1986</item>
        <item>1987</item>
        <item>1988</item>
        <item>1989</item>
        <item>1990</item>
        <item>1991</item>
        <item>1992</item>
        <item>1993</item>
        <item>1994</item>
        <item>1995</item>
        <item>1996</item>
        <item>1997</item>
        <item>1998</item>
        <item>1999</item>
        <item>2000</item>
        <item>2001</item>
        <item>2002</item>
        <item>2003</item>
        <item>2004</item>
        <item>2005</item>
        <item>2006</item>
        <item>2007</item>
        <item>2008</item>
        <item>2009</item>
        <item>2010</item>
        <item>2011</item>
        <item>2012</item>
        <item>2013</item>
        <item>2014</item>
        <item>2015</item>
        <item>2016</item>
        <item>2017</item>
        <item>2018</item>
        <item>2019</item>
        <item>2020</item>
        <item>2021</item>
    </string-array>
    <string-array name="month">
        <item>-월-</item>
        <item>01</item>
        <item>02</item>
        <item>03</item>
        <item>04</item>
        <item>05</item>
        <item>06</item>
        <item>07</item>
        <item>08</item>
        <item>09</item>
        <item>10</item>
        <item>11</item>
        <item>12</item>
    </string-array>
    <string-array name="day">
        <item>-일-</item>
        <item>1</item>
        <item>2</item>
        <item>3</item>
        <item>4</item>
        <item>5</item>
        <item>6</item>
        <item>7</item>
        <item>8</item>
        <item>9</item>
        <item>10</item>
        <item>11</item>
        <item>12</item>
        <item>13</item>
        <item>14</item>
        <item>15</item>
        <item>16</item>
        <item>17</item>
        <item>18</item>
        <item>19</item>
        <item>20</item>
        <item>21</item>
        <item>22</item>
        <item>23</item>
        <item>24</item>
        <item>25</item>
        <item>26</item>
        <item>27</item>
        <item>28</item>
        <item>29</item>
        <item>30</item>
        <item>31</item>
    </string-array>
    <string-array name="hour">
        <item>-시간-</item>
        <item>00</item>
        <item>01</item>
        <item>02</item>
        <item>03</item>
        <item>04</item>
        <item>05</item>
        <item>06</item>
        <item>07</item>
        <item>08</item>
        <item>09</item>
        <item>10</item>
        <item>11</item>
        <item>12</item>
        <item>13</item>
        <item>14</item>
        <item>15</item>
        <item>16</item>
        <item>17</item>
        <item>18</item>
        <item>19</item>
        <item>20</item>
        <item>21</item>
        <item>22</item>
        <item>23</item>
    </string-array>
    <string-array name="minute">
        <item>-분-</item>
        <item>00</item>
        <item>01</item>
        <item>02</item>
        <item>03</item>
        <item>04</item>
        <item>05</item>
        <item>06</item>
        <item>07</item>
        <item>08</item>
        <item>09</item>
        <item>10</item>
        <item>11</item>
        <item>12</item>
        <item>13</item>
        <item>14</item>
        <item>15</item>
        <item>16</item>
        <item>17</item>
        <item>18</item>
        <item>19</item>
        <item>20</item>
        <item>21</item>
        <item>22</item>
        <item>23</item>
        <item>24</item>
        <item>25</item>
        <item>26</item>
        <item>27</item>
        <item>28</item>
        <item>29</item>
        <item>30</item>
        <item>31</item>
        <item>32</item>
        <item>33</item>
        <item>34</item>
        <item>35</item>
        <item>36</item>
        <item>37</item>
        <item>38</item>
        <item>39</item>
        <item>40</item>
        <item>41</item>
        <item>42</item>
        <item>43</item>
        <item>44</item>
        <item>45</item>
        <item>46</item>
        <item>47</item>
        <item>48</item>
        <item>49</item>
        <item>50</item>
        <item>51</item>
        <item>52</item>
        <item>53</item>
        <item>54</item>
        <item>55</item>
        <item>56</item>
        <item>57</item>
        <item>58</item>
        <item>59</item>
    </string-array>
    <string-array name="year2">
        <item>-년도-</item>
        <item>2021</item>
    </string-array>
</resources>